"Type of Test:","VdP AC Hall",,,,,,,,,,,,,,,,,
"Measurement Date:",2023/04/12,,,,,,,,,,,,,,,,,
"Sample Name:","1000 angstrom copper on SiO2 on Si",,,,,,,,,,,,,,,,,
"Created by:","William Ryan",,,,,,,,,,,,,,,,,
Composition:,"100 nm copper on thermal SiO2 on Si",,,,,,,,,,,,,,,,,
"Creation Date",2022/03/27,,,,,,,,,,,,,,,,,
"Thickness (nm)",1E-05,,,,,,,,,,,,,,,,,
"Width (nm)",0.8,,,,,,,,,,,,,,,,,
"Current Control:","Smart Sweep",,,,,,,,,,,,,,,,,
"Temperature (K)","Magnet Field Frequency (Hz)","RMS Magnetic Field (T)","V+ contact","V- contact","I+ Contact","I- Contact","Current Set (A)","Current In meas. (A)","Current Out meas. (A)","Source V (V)","Vx (Vrms)","Vy (Vrms)","V (Vrms)","Theta (deg)","Rotated Vx (Vrms)","Rotated Vy (Vrms)","Vx Noise (V/(Hz^.5))","Current leak"
"Type of Test:","VdP AC Hall",,,,,,,,,,,,,,,,,
"Measurement Date:",2023/04/12,,,,,,,,,,,,,,,,,
"Sample Name:","1000 angstrom copper on SiO2 on Si",,,,,,,,,,,,,,,,,
"Created by:","William Ryan",,,,,,,,,,,,,,,,,
Composition:,"100 nm copper on thermal SiO2 on Si",,,,,,,,,,,,,,,,,
"Creation Date",2022/03/27,,,,,,,,,,,,,,,,,
"Thickness (nm)",1E-05,,,,,,,,,,,,,,,,,
"Width (nm)",0.8,,,,,,,,,,,,,,,,,
"Current Control:","Smart Sweep",,,,,,,,,,,,,,,,,
"Temperature (K)","Magnet Field Frequency (Hz)","RMS Magnetic Field (T)","V+ contact","V- contact","I+ Contact","I- Contact","Current Set (A)","Current In meas. (A)","Current Out meas. (A)","Source V (V)","Vx (Vrms)","Vy (Vrms)","V (Vrms)","Theta (deg)","Rotated Vx (Vrms)","Rotated Vy (Vrms)","Vx Noise (V/(Hz^.5))","Current leak"
291.71,0.17,0.681988,4,2,3,1,0.006375,0.006374,-0.006375,0.055135,-2.404139E-05,1.466499E-05,3.212165E-05,133.890545,-2.404139E-05,1.466499E-05,-0.00024,0.000147
291.71,0.17,0.68251,4,2,3,1,-0.006375,-0.006377,0.006377,-0.05482,-3.081252E-05,3.434115E-05,4.730244E-05,132.804818,-3.081252E-05,3.434115E-05,-0.000308,0.000343
291.71,0.17,0.679699,4,2,3,1,0.005737,0.005736,-0.005737,0.049563,-2.270621E-05,4.200523E-05,4.769691E-05,118.322455,-2.270621E-05,4.200523E-05,-0.000227,0.00042
291.71,0.17,0.682277,4,2,3,1,-0.005737,-0.005739,0.005739,-0.049395,-3.589302E-05,3.466624E-05,5.036299E-05,136.146,-3.589302E-05,3.466624E-05,-0.000359,0.000347
291.71,0.17,0.681469,4,2,3,1,0.0051,0.005099,-0.0051,0.044182,-6.045248E-05,4.945048E-05,7.827157E-05,140.671364,-6.045248E-05,4.945048E-05,-0.000605,0.000495
291.71,0.17,0.681097,4,2,3,1,-0.0051,-0.005102,0.005101,-0.043897,-3.246842E-06,4.116315E-05,4.165896E-05,94.235182,-3.246842E-06,4.116315E-05,-3.245758E-05,0.000412
291.71,0.17,0.68069,4,2,3,1,0.004462,0.004461,-0.004462,0.03851,3.212173E-06,2.242446E-05,3.073015E-05,80.404091,3.212173E-06,2.242446E-05,3.212173E-05,0.000224
291.715,0.17,0.682387,4,2,3,1,-0.004462,-0.004464,0.004464,-0.038315,-5.472445E-05,3.171365E-05,6.335849E-05,149.632909,-5.472445E-05,3.171365E-05,-0.000547,0.000317
291.72,0.17,0.680811,4,2,3,1,-0.004462,0.003824,-0.003825,0.033032,-1.144419E-06,4.165841E-05,4.297621E-05,92.769,-1.144419E-06,4.165841E-05,-1.144419E-05,0.000417
291.71,0.17,0.682655,4,2,3,1,-0.004462,-0.003827,0.003827,-0.032867,-2.881034E-05,5.416471E-05,6.158551E-05,117.783545,-2.881034E-05,5.416471E-05,-0.000288,0.000542
291.72,0.17,0.682572,4,2,3,1,-0.004462,0.003186,-0.003187,0.027644,4.779777E-06,1.691181E-05,2.189262E-05,49.897091,4.779777E-06,1.691181E-05,4.780048E-05,0.000169
291.715,0.17,0.681698,4,2,3,1,-0.004462,-0.003189,0.003188,-0.027393,-2.836005E-05,7.379416E-05,7.950323E-05,111.494455,-2.836005E-05,7.379416E-05,-0.000284,0.000738
291.71,0.17,0.68205,4,2,3,1,-0.004462,0.002549,-0.002549,0.022031,-1.173377E-05,5.314728E-05,5.337391E-05,98.876727,-1.173377E-05,5.314728E-05,-0.000117,0.000532
291.72,0.17,0.680109,4,2,3,1,-0.004462,-0.002552,0.002552,-0.021829,-4.524561E-05,3.318577E-05,5.073732E-05,142.728273,-4.524561E-05,3.318577E-05,-0.000452,0.000332
291.72,0.17,0.681398,4,2,3,1,-0.004462,0.001911,-0.001911,0.016726,-5.630823E-05,3.093178E-05,7.177304E-05,35.375455,-5.630823E-05,3.093178E-05,-0.000563,0.000309
291.72,0.17,0.681564,4,2,3,1,-0.004462,-0.001914,0.001913,-0.01641,-3.871398E-05,5.393598E-05,6.799624E-05,127.376182,-3.871398E-05,5.393598E-05,-0.000387,0.000539
291.71,0.17,0.680451,4,2,3,1,-0.004462,0.001274,-0.001274,0.011066,-4.78856E-05,4.132472E-05,6.615069E-05,140.926364,-4.78856E-05,4.132472E-05,-0.000479,0.000413
291.72,0.17,0.682073,4,2,3,1,-0.004462,-0.001276,0.001276,-0.010924,-1.336885E-05,3.028475E-05,3.786E-05,121.820455,-1.336885E-05,3.028475E-05,-0.000134,0.000303
291.72,0.17,0.683373,4,2,3,1,-0.004462,0.000637,-0.000637,0.00555,-9.97788E-06,4.829524E-05,4.951768E-05,102.496909,-9.97788E-06,4.829524E-05,-9.980048E-05,0.000483
291.72,0.17,0.682277,4,2,3,1,-0.004462,-0.000637,0.000637,-0.005365,-1.764524E-05,-1.433012E-05,4.064299E-05,-59.494636,-1.764524E-05,-1.433012E-05,-0.000176,-0.000143
291.72,0.17,0.681828,4,2,3,1,-0.004462,-0.000637,0.000637,-0.005441,-1.092939E-05,-1.073864E-05,2.22272E-05,-65.678455,-1.092939E-05,-1.073864E-05,-0.000109,-0.000107
291.72,0.17,0.681801,4,2,3,1,-0.004462,0.000637,-0.000637,0.005717,-5.181408E-05,6.538781E-05,8.656479E-05,129.988636,-5.181408E-05,6.538781E-05,-0.000518,0.000654
291.72,0.17,0.681493,4,2,3,1,-0.004462,-0.001277,0.001276,-0.010743,1.714453E-06,1.697116E-05,2.199316E-05,69.634909,1.714453E-06,1.697116E-05,1.71337E-05,0.00017
291.71,0.17,0.679833,4,2,3,1,-0.004462,0.001274,-0.001274,0.011156,-3.836175E-05,9.189148E-05,0.000101,113.956636,-3.836175E-05,9.189148E-05,-0.000384,0.000919
291.72,0.17,0.682245,4,2,3,1,-0.004462,-0.001914,0.001913,-0.016408,-5.99302E-07,1.453386E-05,2.627496E-05,26.171455,-5.99302E-07,1.453386E-05,-6.003884E-06,0.000145
291.715,0.17,0.682809,4,2,3,1,-0.004462,0.001911,-0.001911,0.016522,-1.794759E-05,1.887418E-05,2.802301E-05,138.459818,-1.794759E-05,1.887418E-05,-0.000179,0.000189
291.72,0.17,0.681621,4,2,3,1,-0.004462,-0.002552,0.002551,-0.021789,-3.048631E-05,4.111878E-05,5.364227E-05,129.804545,-3.048631E-05,4.111878E-05,-0.000305,0.000411
291.72,0.17,0.683361,4,2,3,1,-0.004462,0.002549,-0.00255,0.022027,-2.140792E-05,6.227957E-05,6.792689E-05,93.207545,-2.140792E-05,6.227957E-05,-0.000214,0.000623
291.72,0.17,0.68241,4,2,3,1,-0.004462,-0.003189,0.003188,-0.02732,-2.50059E-05,4.212338E-05,4.974736E-05,120.355909,-2.50059E-05,4.212338E-05,-0.00025,0.000421
291.72,0.17,0.679741,4,2,3,1,-0.004462,0.003186,-0.003187,0.02761,-3.433574E-05,8.15525E-05,9.048793E-05,114.717818,-3.433574E-05,8.15525E-05,-0.000343,0.000816
291.72,0.17,0.679768,4,2,3,1,-0.004462,-0.003827,0.003826,-0.032836,-1.260049E-05,2.429824E-05,3.482663E-05,32.087182,-1.260049E-05,2.429824E-05,-0.000126,0.000243
291.72,0.17,0.680899,4,2,3,1,-0.004462,0.003824,-0.003825,0.033041,4.047716E-06,-1.737757E-05,2.487262E-05,-51.700909,4.047716E-06,-1.737757E-05,4.047716E-05,-0.000174
291.72,0.17,0.679977,4,2,3,1,-0.004462,-0.004464,0.004464,-0.038319,6.806876E-06,2.136134E-05,2.80913E-05,53.239909,6.806876E-06,2.136134E-05,6.807958E-05,0.000214
291.72,0.17,0.680597,4,2,3,1,-0.004462,0.004461,-0.004462,0.038731,-3.106825E-05,4.277144E-05,5.424375E-05,132.982364,-3.106825E-05,4.277144E-05,-0.000311,0.000428
291.72,0.17,0.682273,4,2,3,1,-0.004462,-0.005102,0.005102,-0.04391,-8.950484E-06,8.586365E-06,1.677716E-05,105.764182,-8.950484E-06,8.586365E-06,-8.950484E-05,8.587447E-05
291.72,0.17,0.68195,4,2,3,1,-0.004462,0.005099,-0.0051,0.044043,1.450018E-06,1.095213E-05,2.800782E-05,23.590091,1.450018E-06,1.095213E-05,1.451101E-05,0.000109
291.72,0.17,0.682846,4,2,3,1,-0.004462,-0.005739,0.005739,-0.049234,-4.53193E-05,0.000106,0.000116,113.282455,-4.53193E-05,0.000106,-0.000453,0.00106
291.72,0.17,0.681214,4,2,3,1,-0.004462,0.005736,-0.005737,0.049709,-4.299035E-05,8.604472E-05,9.638451E-05,116.776636,-4.299035E-05,8.604472E-05,-0.00043,0.00086
291.72,0.17,0.6809,4,2,3,1,-0.004462,-0.006377,0.006376,-0.054892,-4.681486E-05,8.956881E-05,0.000102,117.473727,-4.681486E-05,8.956881E-05,-0.000468,0.000896
291.72,0.17,0.682402,4,2,3,1,-0.004462,0.006374,-0.006375,0.05506,-1.874414E-05,6.402115E-05,6.771014E-05,103.365818,-1.874414E-05,6.402115E-05,-0.000187,0.00064
291.72,0.17,0.682215,1,3,4,2,-0.004462,0.006374,-0.006375,0.194549,-2.634001E-05,4.930533E-05,5.589652E-05,118.098,-2.634001E-05,4.930533E-05,-0.000263,0.000493
291.72,0.17,0.680105,1,3,4,2,-0.004462,-0.006377,0.006376,-0.18659,-2.993038E-05,4.73263E-05,5.598975E-05,122.287091,-2.993038E-05,4.73263E-05,-0.000299,0.000473
291.72,0.17,0.681903,1,3,4,2,-0.004462,0.005736,-0.005737,0.232491,-2.654053E-05,4.925661E-05,5.594529E-05,118.298455,-2.654053E-05,4.925661E-05,-0.000265,0.000493
291.72,0.17,0.682136,1,3,4,2,-0.004462,-0.005739,0.005738,-0.342451,-2.964756E-05,4.735772E-05,5.586724E-05,122.031273,-2.964756E-05,4.735772E-05,-0.000296,0.000474
291.72,0.17,0.682614,1,3,4,2,-0.004462,0.005099,-0.0051,0.145179,-2.68559E-05,4.905176E-05,5.591385E-05,118.686,-2.68559E-05,4.905176E-05,-0.000269,0.000491
291.72,0.17,0.682355,1,3,4,2,-0.004462,-0.005102,0.005102,-0.149949,-2.95879E-05,4.748125E-05,5.593335E-05,121.902818,-2.95879E-05,4.748125E-05,-0.000296,0.000475
291.72,0.17,0.68332,1,3,4,2,-0.004462,0.004461,-0.004462,0.175979,-2.690138E-05,4.901599E-05,5.589434E-05,118.746545,-2.690138E-05,4.901599E-05,-0.000269,0.00049
291.72,0.17,0.682686,1,3,4,2,-0.004462,-0.004464,0.004463,-0.135622,-2.936904E-05,4.754846E-05,5.588026E-05,121.687091,-2.936904E-05,4.754846E-05,-0.000294,0.000476
291.72,0.17,0.680441,1,3,4,2,-0.004462,0.003824,-0.003825,0.226311,-2.71322E-05,4.884367E-05,5.587265E-05,119.027455,-2.71322E-05,4.884367E-05,-0.000271,0.000488
291.72,0.17,0.679889,1,3,4,2,-0.004462,-0.003827,0.003826,-0.120322,-2.917177E-05,4.764814E-05,5.586292E-05,121.462091,-2.917177E-05,4.764814E-05,-0.000292,0.000477
291.72,0.17,0.680683,1,3,4,2,-0.004462,0.003186,-0.003187,0.10393,-2.736414E-05,4.872318E-05,5.586832E-05,119.303182,-2.736414E-05,4.872318E-05,-0.000274,0.000487
291.72,0.17,0.682448,1,3,4,2,-0.004462,-0.003189,0.003188,-0.2238,-2.900488E-05,4.777713E-05,5.587266E-05,121.250727,-2.900488E-05,4.777713E-05,-0.00029,0.000478
291.72,0.17,0.682604,1,3,4,2,-0.004462,0.002549,-0.00255,0.083582,-2.742047E-05,4.869828E-05,5.588675E-05,119.369727,-2.742047E-05,4.869828E-05,-0.000274,0.000487
291.72,0.17,0.683252,1,3,4,2,-0.004462,-0.002552,0.002551,-0.171603,-2.882176E-05,4.784864E-05,5.586182E-05,121.047545,-2.882176E-05,4.784864E-05,-0.000288,0.000479
291.72,0.17,0.682503,1,3,4,2,-0.004462,0.001911,-0.001912,0.065319,-2.771958E-05,4.852595E-05,5.587374E-05,119.718273,-2.771958E-05,4.852595E-05,-0.000277,0.000485
291.72,0.17,0.68193,1,3,4,2,-0.004462,-0.001914,0.001913,-0.177042,-2.869928E-05,4.79104E-05,5.584016E-05,120.908182,-2.869928E-05,4.79104E-05,-0.000287,0.000479
291.72,0.17,0.679752,1,3,4,2,-0.004462,0.001274,-0.001274,0.04176,-2.786697E-05,4.852814E-05,5.594314E-05,119.841818,-2.786697E-05,4.852814E-05,-0.000279,0.000485
291.72,0.17,0.682352,1,3,4,2,-0.004462,-0.001277,0.001276,-0.169877,-2.849985E-05,4.805997E-05,5.587049E-05,120.647727,-2.849985E-05,4.805997E-05,-0.000285,0.000481
291.72,0.17,0.680438,1,3,4,2,-0.004462,0.000637,-0.000637,0.085954,-2.795801E-05,4.843383E-05,5.591601E-05,119.977091,-2.795801E-05,4.843383E-05,-0.00028,0.000484
291.72,0.17,0.68247,1,3,4,2,-0.004462,-0.000637,0.000637,-0.095629,-2.834819E-05,4.81575E-05,5.587808E-05,120.463091,-2.834819E-05,4.81575E-05,-0.000283,0.000482
291.72,0.17,0.68291,1,3,4,2,-0.004462,-0.000637,0.000637,-0.129638,-2.8515E-05,4.80415E-05,5.58618E-05,120.681818,-2.8515E-05,4.80415E-05,-0.000285,0.00048
291.72,0.17,0.681373,1,3,4,2,-0.004462,0.000637,-0.000637,0.033955,-2.805015E-05,4.834712E-05,5.588783E-05,120.100364,-2.805015E-05,4.834712E-05,-0.000281,0.000483
291.72,0.17,0.682512,1,3,4,2,-0.004462,-0.001276,0.001276,-0.041582,-2.852476E-05,4.807514E-05,5.590085E-05,120.663,-2.852476E-05,4.807514E-05,-0.000285,0.000481
291.72,0.17,0.681175,1,3,4,2,-0.004462,0.001274,-0.001274,0.058518,-2.781064E-05,4.84046E-05,5.581199E-05,119.860091,-2.781064E-05,4.84046E-05,-0.000278,0.000484
291.72,0.17,0.681062,1,3,4,2,-0.004462,-0.001914,0.001913,-0.223791,-2.866569E-05,4.798085E-05,5.588676E-05,120.843,-2.866569E-05,4.798085E-05,-0.000287,0.00048
291.72,0.17,0.683249,1,3,4,2,-0.004462,0.001911,-0.001911,0.081075,-2.767081E-05,4.851945E-05,5.585315E-05,119.677364,-2.767081E-05,4.851945E-05,-0.000277,0.000485
291.72,0.17,0.68225,1,3,4,2,-0.004462,-0.002552,0.002551,-0.088032,-2.887701E-05,4.791257E-05,5.59323E-05,121.062818,-2.887701E-05,4.791257E-05,-0.000289,0.000479
291.72,0.17,0.683027,1,3,4,2,-0.004462,0.002549,-0.00255,0.31247,-2.754837E-05,4.867659E-05,5.592144E-05,119.493818,-2.754837E-05,4.867659E-05,-0.000275,0.000487
291.72,0.17,0.681393,1,3,4,2,-0.004462,-0.003188,0.003188,-0.217508,-2.907752E-05,4.769039E-05,5.585423E-05,121.353818,-2.907752E-05,4.769039E-05,-0.000291,0.000477
291.72,0.17,0.681514,1,3,4,2,-0.004462,0.003186,-0.003187,0.126541,-2.724383E-05,4.871451E-05,5.581094E-05,119.190545,-2.724383E-05,4.871451E-05,-0.000272,0.000487
291.72,0.17,0.681458,1,3,4,2,-0.004462,-0.003827,0.003826,-0.190396,-2.91826E-05,4.746498E-05,5.571447E-05,121.574455,-2.91826E-05,4.746498E-05,-0.000292,0.000475
291.72,0.17,0.68144,1,3,4,2,-0.004462,0.003824,-0.003825,0.148844,-2.711703E-05,4.891626E-05,5.591927E-05,118.98,-2.711703E-05,4.891626E-05,-0.000271,0.000489
291.72,0.17,0.681937,1,3,4,2,-0.004462,-0.004464,0.004463,-0.277615,-2.94286E-05,4.763514E-05,5.597891E-05,121.695818,-2.94286E-05,4.763514E-05,-0.000294,0.000476
291.72,0.17,0.680761,1,3,4,2,-0.004462,0.004461,-0.004462,0.149165,-2.699458E-05,4.900297E-05,5.593448E-05,118.833818,-2.699458E-05,4.900297E-05,-0.00027,0.00049
291.72,0.17,0.67983,1,3,4,2,-0.004462,-0.005102,0.005101,-0.169038,-2.950882E-05,4.745415E-05,5.587375E-05,121.855364,-2.950882E-05,4.745415E-05,-0.000295,0.000475
291.72,0.17,0.683229,1,3,4,2,-0.004462,0.005099,-0.0051,0.228595,-2.684072E-05,4.893035E-05,5.580547E-05,118.721727,-2.684072E-05,4.893035E-05,-0.000268,0.000489
291.72,0.17,0.68117,1,3,4,2,-0.004462,-0.005739,0.005738,-0.314687,-2.986212E-05,4.738915E-05,5.600706E-05,122.196,-2.986212E-05,4.738915E-05,-0.000299,0.000474
291.73,0.17,0.683288,1,3,4,2,-0.004462,0.005736,-0.005737,0.232554,-2.654053E-05,4.921649E-05,5.591385E-05,118.322182,-2.654053E-05,4.921649E-05,-0.000265,0.000492
291.73,0.17,0.680771,1,3,4,2,-0.004462,-0.006377,0.006376,-0.24067,-2.997265E-05,4.722116E-05,5.59258E-05,122.380091,-2.997265E-05,4.722116E-05,-0.0003,0.000472
291.73,0.17,0.679758,1,3,4,2,-0.004462,0.006374,-0.006375,0.18606,-2.63628E-05,4.921756E-05,5.582283E-05,118.155545,-2.63628E-05,4.921756E-05,-0.000264,0.000492
291.72,0.37,0.330408,4,2,3,1,-0.004462,0.006374,-0.006375,0.055028,-1.82283E-06,6.163807E-05,6.16695E-05,91.682727,-1.82283E-06,6.163807E-05,-1.82283E-05,0.000616
291.72,0.37,0.330213,4,2,3,1,-0.004462,-0.006377,0.006377,-0.054805,-4.028215E-06,6.143109E-05,6.156113E-05,93.741545,-4.028215E-06,6.143109E-05,-4.028215E-05,0.000614
291.72,0.37,0.330306,4,2,3,1,-0.004462,0.005736,-0.005737,0.049578,-1.914946E-06,6.13032E-05,6.133031E-05,91.772455,-1.914946E-06,6.13032E-05,-1.914946E-05,0.000613
291.72,0.37,0.330313,4,2,3,1,-0.004462,-0.005739,0.005739,-0.049279,-7.135264E-06,6.327233E-05,6.367655E-05,96.424909,-7.135264E-06,6.327233E-05,-7.135264E-05,0.000633
291.72,0.37,0.330277,4,2,3,1,-0.004462,0.005099,-0.0051,0.044245,-8.537593E-06,6.112547E-05,6.214525E-05,97.811727,-8.537593E-06,6.112547E-05,-8.538677E-05,0.000611
291.72,0.37,0.330311,4,2,3,1,-0.004462,-0.005102,0.005102,-0.043965,-1.252788E-06,6.122519E-05,6.137907E-05,91.169182,-1.252788E-06,6.122519E-05,-1.252788E-05,0.000612
291.72,0.37,0.330313,4,2,3,1,-0.004462,0.004461,-0.004462,0.03875,-3.1168E-06,6.14365E-05,6.151887E-05,92.899364,-3.1168E-06,6.14365E-05,-3.117884E-05,0.000614
291.72,0.37,0.330171,4,2,3,1,-0.004462,-0.004464,0.004464,-0.03846,-7.025806E-06,6.276407E-05,6.320946E-05,96.331091,-7.025806E-06,6.276407E-05,-7.025806E-05,0.000628
291.72,0.37,0.331515,4,2,3,1,-0.004462,0.003824,-0.003825,0.033255,-7.340081E-06,6.159147E-05,6.20488E-05,96.785182,-7.340081E-06,6.159147E-05,-7.340081E-05,0.000616
291.72,0.37,0.331317,4,2,3,1,-0.004462,-0.003827,0.003826,-0.032969,-7.59584E-06,6.090983E-05,6.141698E-05,97.070455,-7.59584E-06,6.090983E-05,-7.596926E-05,0.000609
291.72,0.37,0.330175,4,2,3,1,-0.004462,0.003186,-0.003186,0.027753,-2.712567E-06,6.048716E-05,6.062371E-05,92.538545,-2.712567E-06,6.048716E-05,-2.712567E-05,0.000605
291.72,0.37,0.330133,4,2,3,1,-0.004462,-0.003189,0.003188,-0.02728,-1.464118E-06,6.568901E-05,6.582775E-05,91.232727,-1.464118E-06,6.568901E-05,-1.463034E-05,0.000657
291.72,0.37,0.327031,4,2,3,1,-0.004462,0.002549,-0.002549,0.022171,2.346268E-06,6.18765E-05,6.200437E-05,87.765818,2.346268E-06,6.18765E-05,2.346268E-05,0.000619
291.72,0.37,0.330209,4,2,3,1,-0.004462,-0.002552,0.002551,-0.021828,1.008951E-06,6.062805E-05,6.080796E-05,89.000182,1.008951E-06,6.062805E-05,1.008951E-05,0.000606
291.72,0.37,0.330085,4,2,3,1,-0.004462,0.001911,-0.001911,0.016636,-2.620451E-06,5.786347E-05,5.803145E-05,92.624182,-2.620451E-06,5.786347E-05,-2.620451E-05,0.000579
291.73,0.37,0.33036,4,2,3,1,-0.004462,-0.001914,0.001913,-0.016249,-8.697991E-06,6.110164E-05,6.178655E-05,98.067818,-8.697991E-06,6.110164E-05,-8.697991E-05,0.000611
291.72,0.37,0.330353,4,2,3,1,-0.004462,0.001274,-0.001274,0.011235,5.89006E-06,4.809471E-05,5.59636E-05,74.158091,5.89006E-06,4.809471E-05,5.89006E-05,0.000481
291.72,0.37,0.331847,4,2,3,1,-0.004462,-0.001277,0.001276,-0.01077,-2.663042E-05,6.728205E-05,8.145936E-05,98.133,-2.663042E-05,6.728205E-05,-0.000266,0.000673
291.725,0.37,0.33018,4,2,3,1,-0.004462,0.000637,-0.000637,0.005683,-2.047051E-05,7.26931E-05,8.644343E-05,78.564273,-2.047051E-05,7.26931E-05,-0.000205,0.000727
291.72,0.37,0.330048,4,2,3,1,-0.004462,-0.000637,0.000637,-0.00535,4.58634E-06,2.144262E-05,6.069193E-05,20.917909,4.58634E-06,2.144262E-05,4.58634E-05,0.000214
291.73,0.37,0.330084,4,2,3,1,-0.004462,-0.000637,0.000637,-0.005404,-1.316513E-05,4.47797E-06,4.118269E-05,-20.841,-1.316513E-05,4.47797E-06,-0.000132,4.47797E-05
291.73,0.37,0.330377,4,2,3,1,-0.004462,0.000637,-0.000637,0.005585,2.173739E-05,9.505367E-05,0.000111,73.456364,2.173739E-05,9.505367E-05,0.000217,0.000951
291.72,0.37,0.330176,4,2,3,1,-0.004462,-0.001277,0.001276,-0.010783,-8.421643E-06,2.827659E-05,5.160055E-05,65.053909,-8.421643E-06,2.827659E-05,-8.421643E-05,0.000283
291.72,0.37,0.329335,4,2,3,1,-0.004462,0.001274,-0.001274,0.011111,2.490514E-05,8.269489E-05,0.000101,45.377182,2.490514E-05,8.269489E-05,0.000249,0.000827
291.72,0.37,0.330175,4,2,3,1,-0.004462,-0.001914,0.001913,-0.016286,-2.69305E-06,7.622824E-05,8.829012E-05,86.514818,-2.69305E-06,7.622824E-05,-2.69305E-05,0.000762
291.72,0.37,0.330114,4,2,3,1,-0.004462,0.001911,-0.001912,0.016732,-9.406746E-06,8.720969E-05,9.750398E-05,95.438727,-9.406746E-06,8.720969E-05,-9.404573E-05,0.000872
291.72,0.37,0.330107,4,2,3,1,-0.004462,-0.002552,0.002552,-0.02181,-1.475711E-05,1.445691E-05,4.963794E-05,16.698273,-1.475711E-05,1.445691E-05,-0.000148,0.000145
291.725,0.37,0.330313,4,2,3,1,-0.004462,0.002549,-0.002549,0.022036,-1.25669E-05,0.000163,0.000168,94.894364,-1.25669E-05,0.000163,-0.000126,0.001634
291.72,0.37,0.330091,4,2,3,1,-0.004462,-0.003189,0.003188,-0.027262,-1.220816E-05,4.223175E-05,7.706932E-05,3.148091,-1.220816E-05,4.223175E-05,-0.000122,0.000422
291.72,0.37,0.328106,4,2,3,1,-0.004462,0.003186,-0.003187,0.027555,-2.267805E-05,6.74306E-05,8.200237E-05,78.889364,-2.267805E-05,6.74306E-05,-0.000227,0.000674
291.72,0.37,0.330395,4,2,3,1,-0.004462,-0.003827,0.003826,-0.032947,-3.715017E-05,1.449919E-05,5.701597E-05,45.324545,-3.715017E-05,1.449919E-05,-0.000372,0.000145
291.72,0.37,0.331511,4,2,3,1,-0.004462,0.003824,-0.003825,0.033227,8.030427E-06,9.847395E-05,0.000105,84.732273,8.030427E-06,9.847395E-05,8.028259E-05,0.000985
291.73,0.37,0.332399,4,2,3,1,-0.004462,-0.004464,0.004464,-0.038434,-5.00183E-05,9.709006E-05,0.000114,118.691727,-5.00183E-05,9.709006E-05,-0.0005,0.000971
291.725,0.37,0.327892,4,2,3,1,-0.004462,0.004461,-0.004462,0.038652,-1.876582E-05,1.799312E-05,4.732744E-05,23.141727,-1.876582E-05,1.799312E-05,-0.000188,0.00018
291.72,0.37,0.330331,4,2,3,1,-0.004462,-0.005102,0.005102,-0.04376,-2.951528E-05,8.07528E-05,9.191195E-05,109.139455,-2.951528E-05,8.07528E-05,-0.000295,0.000808
291.73,0.37,0.330291,4,2,3,1,-0.004462,0.005099,-0.0051,0.044266,-2.800571E-05,8.635025E-05,0.000102,94.872545,-2.800571E-05,8.635025E-05,-0.00028,0.000864
291.73,0.37,0.330222,4,2,3,1,-0.004462,-0.005739,0.005739,-0.04924,-9.418669E-06,0.000108,0.000119,99.747545,-9.418669E-06,0.000108,-9.418664E-05,0.001084
291.72,0.37,0.330275,4,2,3,1,-0.004462,0.005736,-0.005737,0.049574,-2.568325E-05,9.583067E-05,0.000106,105.307909,-2.568325E-05,9.583067E-05,-0.000257,0.000958
291.72,0.37,0.330327,4,2,3,1,-0.004462,-0.006377,0.006377,-0.054966,-3.475624E-05,7.688283E-05,9.429832E-05,90.890182,-3.475624E-05,7.688283E-05,-0.000348,0.000769
291.72,0.37,0.330348,4,2,3,1,-0.004462,0.006374,-0.006375,0.055264,-1.33613E-05,7.285462E-05,8.518529E-05,82.870909,-1.33613E-05,7.285462E-05,-0.000134,0.000729
291.73,0.37,0.330254,1,3,4,2,-0.004462,0.006374,-0.006375,0.156763,-2.636706E-06,7.445741E-05,7.450836E-05,92.019,-2.636706E-06,7.445741E-05,-2.636706E-05,0.000745
291.73,0.37,0.330197,1,3,4,2,-0.004462,-0.006377,0.006377,-0.161565,-5.205134E-06,7.424608E-05,7.442382E-05,93.997364,-5.205134E-06,7.424608E-05,-5.206218E-05,0.000742
291.73,0.37,0.330242,1,3,4,2,-0.004462,0.005736,-0.005737,0.176952,-2.814434E-06,7.440755E-05,7.445525E-05,92.154,-2.814434E-06,7.440755E-05,-2.814434E-05,0.000744
291.73,0.37,0.330284,1,3,4,2,-0.004462,-0.005739,0.005738,-0.144209,-5.051247E-06,7.422984E-05,7.439674E-05,93.883909,-5.051247E-06,7.422984E-05,-5.051247E-05,0.000742
291.72,0.37,0.330153,1,3,4,2,-0.004462,0.005099,-0.0051,0.17313,-2.77217E-06,7.420274E-05,7.425042E-05,92.129455,-2.77217E-06,7.420274E-05,-2.77217E-05,0.000742
291.73,0.37,0.330405,1,3,4,2,-0.004462,-0.005102,0.005102,-0.127867,-4.968883E-06,7.422766E-05,7.439456E-05,93.819545,-4.968883E-06,7.422766E-05,-4.968883E-05,0.000742
291.73,0.37,0.330094,1,3,4,2,-0.004462,0.004461,-0.004462,0.175238,-3.068035E-06,7.430787E-05,7.437397E-05,92.355273,-3.068035E-06,7.430787E-05,-3.068035E-05,0.000743
291.73,0.37,0.330242,1,3,4,2,-0.004462,-0.004464,0.004464,-0.162215,-4.806322E-06,7.419191E-05,7.434145E-05,93.695182,-4.806322E-06,7.419191E-05,-4.806322E-05,0.000742
291.72,0.37,0.330258,1,3,4,2,-0.004462,0.003824,-0.003825,0.148252,-3.150401E-06,7.433603E-05,7.440756E-05,92.416364,-3.150401E-06,7.433603E-05,-3.150401E-05,0.000743
291.73,0.37,0.330325,1,3,4,2,-0.004462,-0.003827,0.003826,-0.143737,-4.639432E-06,7.423634E-05,7.438588E-05,93.564818,-4.639432E-06,7.423634E-05,-4.639432E-05,0.000742
291.73,0.37,0.330208,1,3,4,2,-0.004462,0.003186,-0.003187,0.083187,-3.270695E-06,7.43913E-05,7.44574E-05,92.504727,-3.270695E-06,7.43913E-05,-3.270695E-05,0.000744
291.73,0.37,0.330326,1,3,4,2,-0.004462,-0.003189,0.003188,-0.122858,-4.51697E-06,7.426994E-05,7.440431E-05,93.469909,-4.51697E-06,7.426994E-05,-4.51697E-05,0.000743
291.73,0.37,0.330085,1,3,4,2,-0.004462,0.002549,-0.002549,0.089621,-3.283697E-06,7.439781E-05,7.446717E-05,92.515364,-3.283697E-06,7.439781E-05,-3.283697E-05,0.000744
291.73,0.37,0.33005,1,3,4,2,-0.004462,-0.002552,0.002551,-0.090051,-4.477957E-06,7.422225E-05,7.435662E-05,93.444545,-4.477957E-06,7.422225E-05,-4.477957E-05,0.000742
291.73,0.37,0.330102,1,3,4,2,-0.004462,0.001911,-0.001911,0.068201,-3.583885E-06,7.427967E-05,7.436747E-05,92.754,-3.583885E-06,7.427967E-05,-3.583885E-05,0.000743
291.72,0.37,0.327436,1,3,4,2,-0.004462,-0.001913,0.001913,-0.06809,-4.281806E-06,7.434578E-05,7.446498E-05,93.287727,-4.281806E-06,7.434578E-05,-4.281806E-05,0.000744
291.73,0.37,0.330377,1,3,4,2,-0.004462,0.001274,-0.001274,0.034535,-3.685757E-06,7.430134E-05,7.439239E-05,92.829,-3.685757E-06,7.430134E-05,-3.685757E-05,0.000743
291.73,0.37,0.330137,1,3,4,2,-0.004462,-0.001276,0.001276,-0.046795,-4.184271E-06,7.424175E-05,7.435663E-05,93.214909,-4.184271E-06,7.424175E-05,-4.184271E-05,0.000742
291.73,0.37,0.33036,1,3,4,2,-0.004462,0.000637,-0.000637,0.017608,-3.75078E-06,7.420599E-05,7.430461E-05,92.887091,-3.75078E-06,7.420599E-05,-3.75078E-05,0.000742
291.73,0.37,0.330321,1,3,4,2,-0.004462,-0.000637,0.000637,-0.017409,-4.02063E-06,7.434687E-05,7.445309E-05,93.082091,-4.02063E-06,7.434687E-05,-4.02063E-05,0.000743
291.72,0.37,0.330131,1,3,4,2,-0.004462,-0.000637,0.000637,-0.01744,-3.957774E-06,7.42981E-05,7.440324E-05,93.041455,-3.957774E-06,7.42981E-05,-3.957774E-05,0.000743
291.73,0.37,0.330059,1,3,4,2,-0.004462,0.000637,-0.000637,0.024372,-3.8028E-06,7.435229E-05,7.445199E-05,92.917091,-3.8028E-06,7.435229E-05,-3.8028E-05,0.000744
291.73,0.37,0.33036,1,3,4,2,-0.004462,-0.001276,0.001276,-0.048976,-4.264465E-06,7.425042E-05,7.435989E-05,93.279818,-4.264465E-06,7.425042E-05,-4.264465E-05,0.000743
291.73,0.37,0.330173,1,3,4,2,-0.004462,0.001274,-0.001274,0.03548,-3.741026E-06,7.436529E-05,7.446934E-05,92.872364,-3.741026E-06,7.436529E-05,-3.741026E-05,0.000744
291.73,0.37,0.330263,1,3,4,2,-0.004462,-0.001914,0.001913,-0.053128,-4.285055E-06,7.41995E-05,7.432087E-05,93.296182,-4.285055E-06,7.41995E-05,-4.285055E-05,0.000742
291.73,0.37,0.330335,1,3,4,2,-0.004462,0.001911,-0.001911,0.053914,-3.535122E-06,7.43111E-05,7.440107E-05,92.716364,-3.535122E-06,7.43111E-05,-3.535122E-05,0.000743
291.725,0.37,0.330225,1,3,4,2,-0.004462,-0.002552,0.002551,-0.075279,-4.405352E-06,7.432844E-05,7.4465E-05,93.385091,-4.405352E-06,7.432844E-05,-4.405352E-05,0.000743
291.725,0.37,0.330317,1,3,4,2,-0.004462,0.002549,-0.002549,0.072419,-3.464679E-06,7.431218E-05,7.440106E-05,92.658273,-3.464679E-06,7.431218E-05,-3.465763E-05,0.000743
291.73,0.37,0.330244,1,3,4,2,-0.004462,-0.003188,0.003188,-0.088342,-4.622094E-06,7.426992E-05,7.441516E-05,93.548455,-4.622094E-06,7.426992E-05,-4.622094E-05,0.000743
291.73,0.37,0.330299,1,3,4,2,-0.004462,0.003186,-0.003186,0.089146,-3.268525E-06,7.432953E-05,7.439455E-05,92.503364,-3.268525E-06,7.432953E-05,-3.268525E-05,0.000743
291.73,0.37,0.330077,1,3,4,2,-0.004462,-0.003827,0.003827,-0.149406,-4.621008E-06,7.431655E-05,7.44574E-05,93.546273,-4.621008E-06,7.431655E-05,-4.621008E-05,0.000743
291.73,0.37,0.330165,1,3,4,2,-0.004462,0.003824,-0.003825,0.108242,-3.139564E-06,7.43588E-05,7.442706E-05,92.406818,-3.139564E-06,7.43588E-05,-3.139564E-05,0.000744
291.73,0.37,0.332744,1,3,4,2,-0.004462,-0.004464,0.004464,-0.148474,-4.769478E-06,7.428619E-05,7.444008E-05,93.664636,-4.769478E-06,7.428619E-05,-4.769478E-05,0.000743
291.73,0.37,0.330312,1,3,4,2,-0.004462,0.004461,-0.004462,0.129384,-2.945564E-06,7.427427E-05,7.43317E-05,92.260636,-2.945564E-06,7.427427E-05,-2.945564E-05,0.000743
291.73,0.37,0.330334,1,3,4,2,-0.004462,-0.005102,0.005102,-0.16159,-4.878934E-06,7.428077E-05,7.443792E-05,93.748364,-4.878934E-06,7.428077E-05,-4.878934E-05,0.000743
291.73,0.37,0.330274,1,3,4,2,-0.004462,0.005099,-0.0051,0.149009,-2.954237E-06,7.430027E-05,7.435987E-05,92.267455,-2.954237E-06,7.430027E-05,-2.954237E-05,0.000743
291.74,0.37,0.331988,1,3,4,2,-0.004462,-0.005739,0.005739,-0.198512,-5.09351E-06,7.428835E-05,7.44585E-05,93.912545,-5.09351E-06,7.428835E-05,-5.09351E-05,0.000743
291.73,0.37,0.330266,1,3,4,2,-0.004462,0.005736,-0.005737,0.16359,-2.715813E-06,7.44845E-05,7.453326E-05,92.075727,-2.715813E-06,7.44845E-05,-2.715813E-05,0.000745
291.73,0.37,0.33017,1,3,4,2,-0.004462,-0.006377,0.006377,-0.210626,-5.249565E-06,7.42721E-05,7.445092E-05,94.032545,-5.249565E-06,7.42721E-05,-5.250649E-05,0.000743
291.74,0.37,0.330105,1,3,4,2,-0.004462,0.006374,-0.006375,0.216757,-2.646459E-06,7.435337E-05,7.440213E-05,92.028,-2.646459E-06,7.435337E-05,-2.646459E-05,0.000744
291.73,0.57,0.20283,4,2,3,1,-0.004462,0.006374,-0.006375,0.055267,1.202609E-05,6.022056E-05,6.140834E-05,78.695727,1.202609E-05,6.022056E-05,0.00012,0.000602
291.73,0.57,0.203368,4,2,3,1,-0.004462,-0.006377,0.006377,-0.054887,1.040376E-05,6.050341E-05,6.139424E-05,80.233636,1.040376E-05,6.050341E-05,0.000104,0.000605
291.73,0.57,0.20381,4,2,3,1,-0.004462,0.005736,-0.005737,0.049571,1.191988E-05,6.018481E-05,6.13574E-05,78.788727,1.191988E-05,6.018481E-05,0.000119,0.000602
291.73,0.57,0.201898,4,2,3,1,-0.004462,-0.005739,0.005739,-0.049455,1.055006E-05,6.040589E-05,6.132598E-05,80.085818,1.055006E-05,6.040589E-05,0.000106,0.000604
291.73,0.57,0.202351,4,2,3,1,-0.004462,0.005099,-0.0051,0.044278,1.179632E-05,6.022056E-05,6.136716E-05,78.907364,1.179632E-05,6.022056E-05,0.000118,0.000602
291.73,0.57,0.202836,4,2,3,1,-0.004462,-0.005102,0.005102,-0.043964,1.054141E-05,6.041456E-05,6.133464E-05,80.094818,1.054141E-05,6.041456E-05,0.000105,0.000604
291.73,0.57,0.201069,4,2,3,1,-0.004462,0.004461,-0.004462,0.038566,1.184727E-05,6.021515E-05,6.137367E-05,78.859909,1.184727E-05,6.021515E-05,0.000118,0.000602
291.74,0.57,0.203405,4,2,3,1,-0.004462,-0.004464,0.004463,-0.038343,1.060102E-05,6.045356E-05,6.1378E-05,80.043,1.060102E-05,6.045356E-05,0.000106,0.000605
291.74,0.57,0.202754,4,2,3,1,-0.004462,0.003824,-0.003825,0.033198,1.16262E-05,6.028342E-05,6.13964E-05,79.076182,1.16262E-05,6.028342E-05,0.000116,0.000603
291.73,0.57,0.20295,4,2,3,1,-0.004462,-0.003827,0.003826,-0.032963,1.079718E-05,6.037338E-05,6.133681E-05,79.849636,1.079718E-05,6.037338E-05,0.000108,0.000604
291.73,0.57,0.202639,4,2,3,1,-0.004462,0.003186,-0.003187,0.027701,1.159803E-05,6.022489E-05,6.133463E-05,79.092273,1.159803E-05,6.022489E-05,0.000116,0.000602
291.74,0.57,0.202066,4,2,3,1,-0.004462,-0.003188,0.003188,-0.027282,1.084269E-05,6.04243E-05,6.138885E-05,79.819091,1.084269E-05,6.04243E-05,0.000108,0.000604
291.73,0.57,0.202196,4,2,3,1,-0.004462,0.002549,-0.002549,0.022231,1.161537E-05,6.020863E-05,6.131404E-05,79.071818,1.161537E-05,6.020863E-05,0.000116,0.000602
291.73,0.57,0.202477,4,2,3,1,-0.004462,-0.002552,0.002551,-0.021963,1.088711E-05,6.037986E-05,6.135848E-05,79.772727,1.088711E-05,6.037986E-05,0.000109,0.000604
291.73,0.57,0.201921,4,2,3,1,-0.004462,0.001911,-0.001912,0.016545,1.149723E-05,6.031051E-05,6.139426E-05,79.197545,1.149723E-05,6.031051E-05,0.000115,0.000603
291.73,0.57,0.202343,4,2,3,1,-0.004462,-0.001914,0.001913,-0.016251,1.089471E-05,6.040047E-05,6.138125E-05,79.767,1.089471E-05,6.040047E-05,0.000109,0.000604
291.74,0.57,0.203403,4,2,3,1,-0.004462,0.001274,-0.001274,0.011203,1.13347E-05,6.029642E-05,6.135306E-05,79.344545,1.13347E-05,6.029642E-05,0.000113,0.000603
291.73,0.57,0.201902,4,2,3,1,-0.004462,-0.001276,0.001276,-0.010953,1.095323E-05,6.041022E-05,6.140184E-05,79.713545,1.095323E-05,6.041022E-05,0.00011,0.000604
291.74,0.57,0.203453,4,2,3,1,-0.004462,0.000637,-0.000637,0.00561,1.127073E-05,6.034194E-05,6.138991E-05,79.409182,1.127073E-05,6.034194E-05,0.000113,0.000603
291.73,0.57,0.203037,4,2,3,1,-0.004462,-0.000637,0.000637,-0.005257,1.119814E-05,6.032135E-05,6.135089E-05,79.475727,1.119814E-05,6.032135E-05,0.000112,0.000603
291.74,0.57,0.202608,4,2,3,1,-0.004462,-0.000637,0.000637,-0.005238,1.109953E-05,6.036254E-05,6.137257E-05,79.575545,1.109953E-05,6.036254E-05,0.000111,0.000604
291.73,0.57,0.202633,4,2,3,1,-0.004462,0.000637,-0.000637,0.005756,1.150156E-05,6.026824E-05,6.135524E-05,79.188273,1.150156E-05,6.026824E-05,0.000115,0.000603
291.74,0.57,0.201908,4,2,3,1,-0.004462,-0.001276,0.001276,-0.010949,1.124366E-05,6.032351E-05,6.1365E-05,79.434,1.124366E-05,6.032351E-05,0.000112,0.000603
291.73,0.57,0.203417,4,2,3,1,-0.004462,0.001274,-0.001274,0.011113,1.133142E-05,6.028883E-05,6.135088E-05,79.345364,1.133142E-05,6.028883E-05,0.000113,0.000603
291.74,0.57,0.201987,4,2,3,1,-0.004462,-0.001914,0.001914,-0.016258,1.090228E-05,6.054678E-05,6.152428E-05,79.784182,1.090228E-05,6.054678E-05,0.000109,0.000606
291.74,0.57,0.203032,4,2,3,1,-0.004462,0.001911,-0.001911,0.01655,1.146038E-05,6.0304E-05,6.13845E-05,79.230818,1.146038E-05,6.0304E-05,0.000115,0.000603
291.735,0.57,0.202316,4,2,3,1,-0.004462,-0.002552,0.002552,-0.021965,1.103667E-05,6.035062E-05,6.135523E-05,79.624636,1.103667E-05,6.035062E-05,0.00011,0.000604
291.74,0.57,0.202092,4,2,3,1,-0.004462,0.002549,-0.002549,0.022034,1.156876E-05,6.038204E-05,6.14831E-05,79.148455,1.156876E-05,6.038204E-05,0.000116,0.000604
291.74,0.57,0.202726,4,2,3,1,-0.004462,-0.003189,0.003188,-0.02738,1.086001E-05,6.047308E-05,6.144409E-05,79.809,1.086001E-05,6.047308E-05,0.000109,0.000605
291.73,0.57,0.203344,4,2,3,1,-0.004462,0.003186,-0.003187,0.027649,1.527836E-05,5.684586E-05,5.909458E-05,74.992091,1.527836E-05,5.684586E-05,0.000153,0.000568
291.74,0.57,0.203168,4,2,3,1,-0.004462,-0.003827,0.003827,-0.032766,7.291527E-05,2.234537E-05,9.590006E-05,35.637545,7.291527E-05,2.234537E-05,0.000729,0.000223
291.735,0.57,0.20345,4,2,3,1,-0.004462,0.003824,-0.003824,0.033186,6.526198E-05,1.916463E-05,8.026086E-05,27.257455,6.526198E-05,1.916463E-05,0.000653,0.000192
291.745,0.57,0.202469,4,2,3,1,-0.004462,-0.004464,0.004464,-0.038404,0.000129,1.417295E-05,0.000147,14.294727,0.000129,1.417295E-05,0.001286,0.000142
291.74,0.57,0.203429,4,2,3,1,-0.004462,0.004461,-0.004462,0.038572,1.74003E-05,1.967182E-05,4.735991E-05,43.482,1.74003E-05,1.967182E-05,0.000174,0.000197
291.74,0.57,0.202038,4,2,3,1,-0.004462,-0.005102,0.005102,-0.043827,-7.323823E-06,0.00011,0.00012,88.849364,-7.323823E-06,0.00011,-7.323823E-05,0.001097
291.74,0.57,0.202771,4,2,3,1,-0.004462,0.005099,-0.0051,0.044232,-5.833806E-05,2.178617E-05,7.322953E-05,110.119636,-5.833806E-05,2.178617E-05,-0.000583,0.000218
291.745,0.57,0.201951,4,2,3,1,-0.004462,-0.005739,0.005739,-0.049431,9.356365E-05,0.000118,0.000156,51.997909,9.356365E-05,0.000118,0.000936,0.001185
291.74,0.57,0.202817,4,2,3,1,-0.004462,0.005736,-0.005737,0.049647,8.236117E-05,7.820714E-05,0.000132,54.000545,8.236117E-05,7.820714E-05,0.000824,0.000782
291.74,0.57,0.203029,4,2,3,1,-0.004462,-0.006377,0.006377,-0.054817,-0.000163,6.144298E-05,0.000187,109.430727,-0.000163,6.144298E-05,-0.001627,0.000614
291.74,0.57,0.202843,4,2,3,1,-0.004462,0.006374,-0.006375,0.055233,0.000164,4.810986E-05,0.00019,25.541182,0.000164,4.810986E-05,0.001643,0.000481
291.75,0.57,0.201341,1,3,4,2,-0.004462,0.006374,-0.006375,0.217271,1.410688E-05,7.287193E-05,7.422767E-05,79.036091,1.410688E-05,7.287193E-05,0.000141,0.000729
291.74,0.57,0.201319,1,3,4,2,-0.004462,-0.006377,0.006377,-0.206125,1.249106E-05,7.313312E-05,7.419407E-05,80.300182,1.249106E-05,7.313312E-05,0.000125,0.000731
291.745,0.57,0.202871,1,3,4,2,-0.004462,0.005736,-0.005737,0.176123,1.404403E-05,7.287194E-05,7.421683E-05,79.086273,1.404403E-05,7.287194E-05,0.00014,0.000729
291.75,0.57,0.204017,1,3,4,2,-0.004462,-0.005739,0.005739,-0.205153,1.256584E-05,7.321114E-05,7.428185E-05,80.251364,1.256584E-05,7.321114E-05,0.000126,0.000732
291.76,0.57,0.202538,1,3,4,2,-0.004462,0.005099,-0.0051,0.274213,1.401476E-05,7.286974E-05,7.420491E-05,79.103182,1.401476E-05,7.286974E-05,0.00014,0.000729
291.75,0.57,0.203845,1,3,4,2,-0.004462,-0.005102,0.005102,-0.158753,1.262977E-05,7.319815E-05,7.428509E-05,80.201182,1.262977E-05,7.319815E-05,0.000126,0.000732
291.75,0.57,0.202467,1,3,4,2,-0.004462,0.004461,-0.004462,0.134036,1.39606E-05,7.296515E-05,7.42916E-05,79.162909,1.39606E-05,7.296515E-05,0.00014,0.00073
291.75,0.57,0.202503,1,3,4,2,-0.004462,-0.004464,0.004463,-0.192032,1.279993E-05,7.315803E-05,7.427318E-05,80.068909,1.279993E-05,7.315803E-05,0.000128,0.000732
291.75,0.57,0.202068,1,3,4,2,-0.004462,0.003824,-0.003825,0.123556,1.37677E-05,7.294347E-05,7.424175E-05,79.305,1.37677E-05,7.294347E-05,0.000138,0.000729
291.75,0.57,0.201951,1,3,4,2,-0.004462,-0.003827,0.003827,-0.124233,1.282267E-05,7.312122E-05,7.424283E-05,80.048182,1.282267E-05,7.312122E-05,0.000128,0.000731
291.75,0.57,0.202108,1,3,4,2,-0.004462,0.003186,-0.003187,0.122416,1.371243E-05,7.295107E-05,7.423307E-05,79.346455,1.371243E-05,7.295107E-05,0.000137,0.00073
291.75,0.57,0.204333,1,3,4,2,-0.004462,-0.003189,0.003188,-0.231074,1.286277E-05,7.30735E-05,7.419625E-05,80.010273,1.286277E-05,7.30735E-05,0.000129,0.000731
291.75,0.57,0.202487,1,3,4,2,-0.004462,0.002549,-0.002549,0.089718,1.36344E-05,7.29478E-05,7.420925E-05,79.401545,1.36344E-05,7.29478E-05,0.000136,0.000729
291.75,0.57,0.202073,1,3,4,2,-0.004462,-0.002552,0.002551,-0.094891,1.29744E-05,7.302907E-05,7.417455E-05,79.918909,1.29744E-05,7.302907E-05,0.00013,0.00073
291.755,0.57,0.203005,1,3,4,2,-0.004462,0.001911,-0.001911,0.091439,1.35813E-05,7.296407E-05,7.422549E-05,79.447364,1.35813E-05,7.296407E-05,0.000136,0.00073
291.75,0.57,0.203017,1,3,4,2,-0.004462,-0.001914,0.001913,-0.170252,1.312614E-05,7.312444E-05,7.429269E-05,79.814727,1.312614E-05,7.312444E-05,0.000131,0.000731
291.755,0.57,0.202139,1,3,4,2,-0.004462,0.001274,-0.001274,0.052595,1.347724E-05,7.29207E-05,7.415613E-05,79.519909,1.347724E-05,7.29207E-05,0.000135,0.000729
291.75,0.57,0.202727,1,3,4,2,-0.004462,-0.001277,0.001276,-0.052336,1.31933E-05,7.302149E-05,7.420382E-05,79.750909,1.31933E-05,7.302149E-05,0.000132,0.00073
291.755,0.57,0.201495,1,3,4,2,-0.004462,0.000637,-0.000637,0.067629,1.335152E-05,7.301389E-05,7.422656E-05,79.630091,1.335152E-05,7.301389E-05,0.000134,0.00073
291.75,0.57,0.201929,1,3,4,2,-0.004462,-0.000637,0.000637,-0.024727,1.328326E-05,7.299656E-05,7.419191E-05,79.680818,1.328326E-05,7.299656E-05,0.000133,0.00073
291.75,0.57,0.202507,1,3,4,2,-0.004462,-0.000637,0.000637,-0.024751,1.323015E-05,7.297815E-05,7.416481E-05,79.716818,1.323015E-05,7.297815E-05,0.000132,0.00073
291.75,0.57,0.203804,1,3,4,2,-0.004462,0.000637,-0.000637,0.020665,1.340464E-05,7.306051E-05,7.427642E-05,79.597364,1.340464E-05,7.306051E-05,0.000134,0.000731
291.75,0.57,0.202629,1,3,4,2,-0.004462,-0.001277,0.001276,-0.139407,1.314562E-05,7.297923E-05,7.415181E-05,79.777909,1.314562E-05,7.297923E-05,0.000131,0.00073
291.75,0.57,0.202015,1,3,4,2,-0.004462,0.001274,-0.001274,0.038022,1.345774E-05,7.299548E-05,7.423091E-05,79.546091,1.345774E-05,7.299548E-05,0.000135,0.00073
291.745,0.57,0.201557,1,3,4,2,-0.004462,-0.001914,0.001913,-0.228879,1.30947E-05,7.304425E-05,7.420816E-05,79.827818,1.30947E-05,7.304425E-05,0.000131,0.00073
291.75,0.57,0.20205,1,3,4,2,-0.004462,0.001911,-0.001911,0.060956,1.363115E-05,7.294455E-05,7.421248E-05,79.407818,1.363115E-05,7.294455E-05,0.000136,0.000729
291.75,0.57,0.203359,1,3,4,2,-0.004462,-0.002552,0.002552,-0.112455,1.29798E-05,7.307786E-05,7.422766E-05,79.919455,1.29798E-05,7.307786E-05,0.00013,0.000731
291.75,0.57,0.201879,1,3,4,2,-0.004462,0.002549,-0.002549,0.079936,1.358347E-05,7.290011E-05,7.415505E-05,79.437273,1.358347E-05,7.290011E-05,0.000136,0.000729
291.76,0.57,0.203159,1,3,4,2,-0.004462,-0.003189,0.003188,-0.215856,1.295814E-05,7.299656E-05,7.414314E-05,79.925727,1.295814E-05,7.299656E-05,0.00013,0.00073
291.76,0.57,0.202826,1,3,4,2,-0.004462,0.003186,-0.003186,0.124856,1.369615E-05,7.302258E-05,7.429811E-05,79.371545,1.369615E-05,7.302258E-05,0.000137,0.00073
291.75,0.57,0.203416,1,3,4,2,-0.004462,-0.003827,0.003826,-0.260112,1.282377E-05,7.30475E-05,7.416374E-05,80.035636,1.282377E-05,7.30475E-05,0.000128,0.00073
291.76,0.57,0.202053,1,3,4,2,-0.004462,0.003824,-0.003825,0.133782,1.369833E-05,7.289144E-05,7.41713E-05,79.348091,1.369833E-05,7.289144E-05,0.000137,0.000729
291.75,0.57,0.203555,1,3,4,2,-0.004462,-0.004464,0.004464,-0.16338,1.269696E-05,7.296947E-05,7.406943E-05,80.120182,1.269696E-05,7.296947E-05,0.000127,0.00073
291.76,0.57,0.203385,1,3,4,2,-0.004462,0.004461,-0.004462,0.217233,1.38663E-05,7.286109E-05,7.416265E-05,79.219091,1.38663E-05,7.286109E-05,0.000139,0.000729
291.76,0.57,0.201877,1,3,4,2,-0.004462,-0.005102,0.005102,-0.18712,1.260809E-05,7.30345E-05,7.411822E-05,80.199818,1.260809E-05,7.30345E-05,0.000126,0.00073
291.76,0.57,0.203366,1,3,4,2,-0.004462,0.005099,-0.0051,0.223504,1.40256E-05,7.288384E-05,7.422117E-05,79.100455,1.40256E-05,7.288384E-05,0.00014,0.000729
291.77,0.57,0.202446,1,3,4,2,-0.004462,-0.005739,0.005738,-0.289861,1.262326E-05,7.314288E-05,7.422659E-05,80.201182,1.262326E-05,7.314288E-05,0.000126,0.000732
291.76,0.57,0.201876,1,3,4,2,-0.004462,0.005736,-0.005737,0.177598,1.400825E-05,7.280148E-05,7.414315E-05,79.103455,1.400825E-05,7.280148E-05,0.00014,0.000728
291.76,0.57,0.201975,1,3,4,2,-0.004462,-0.006377,0.006377,-0.200864,1.256587E-05,7.307677E-05,7.414965E-05,80.238545,1.256587E-05,7.307677E-05,0.000126,0.000731
291.76,0.57,0.202775,1,3,4,2,-0.004462,0.006374,-0.006375,0.216551,1.417948E-05,7.28405E-05,7.421032E-05,78.975545,1.417948E-05,7.28405E-05,0.000142,0.000728
